,Population,Total Cases,Total Deaths,Percentage of Death,Total Vaccinated,Percentage Vacinated
0,7874631770.0,520921996.0,6225343.0,1.1950624177520812,656956613437.0,1.2375499657173177
