,Population,Total Cases,Total Deaths,Percentage of Death,Total Vaccinated,Percentage Vacinated
0,7809669787.0,517031188.0,6124782.0,1.1846059081449454,654142683821.0,1.245597647059645
